{
  "Afghanistan": [
    65.99254367483304,
    33.83349410470984
  ],
  "Angola": [
    17.563198329790602,
    -12.334557680834592
  ],
  "Albania": [
    20.035803636476235,
    41.179283471608585
  ],
  "United Arab Emirates": [
    54.30345828396012,
    23.905698042805522
  ],
  "Argentina": [
    -65.15670576062132,
    -35.178771590782524
  ],
  "Armenia": [
    44.929379894609674,
    40.29884592895426
  ],
  "France": [
    165.43817082439585,
    -21.285375782391018
  ],
  "Australia": [
    134.361180723562,
    -25.574955774991995
  ],
  "Austria": [
    14.10165807418182,
    47.57042831528493
  ],
  "Azerbaijan": [
    47.636777782137415,
    40.3311508093757
  ],
  "Burundi": [
    29.873065896828848,
    -3.3802825292327188
  ],
  "Belgium": [
    4.628129604331132,
    50.646494813466056
  ],
  "Benin": [
    2.323507643298733,
    9.63048313950481
  ],
  "Burkina Faso": [
    -1.7757430610210276,
    12.260370131848955
  ],
  "Bangladesh": [
    90.21009840315206,
    23.88793565572049
  ],
  "Bulgaria": [
    25.225364036830744,
    42.77785706066581
  ],
  "The Bahamas": [
    -78.02733865351972,
    24.719920319716515
  ],
  "Bosnia and Herzegovina": [
    17.762461846176542,
    44.16398853722456
  ],
  "Belarus": [
    28.04895281233843,
    53.53432933090482
  ],
  "Belize": [
    -88.72096138346826,
    17.17073148225863
  ],
  "Bolivia": [
    -64.69104972918655,
    -16.70141507507877
  ],
  "Brazil": [
    -53.113858151998855,
    -10.827995867833263
  ],
  "Brunei": [
    114.54229268997476,
    4.451218476864121
  ],
  "Bhutan": [
    90.40562361681495,
    27.40133623508629
  ],
  "Botswana": [
    23.791788508036337,
    -22.185333985163894
  ],
  "Central African Republic": [
    20.490781591297914,
    6.563625165826992
  ],
  "Canada": [
    -102.31777616484295,
    57.94457487676815
  ],
  "Switzerland": [
    8.205812860319684,
    46.805544047201984
  ],
  "Chile": [
    -71.34891661948937,
    -35.98028631773855
  ],
  "China": [
    103.79804331240364,
    36.61094167680319
  ],
  "Ivory Coast": [
    -5.569771898429842,
    7.626172775954684
  ],
  "Cameroon": [
    12.739868035578002,
    5.692692453534944
  ],
  "Democratic Republic of the Congo": [
    23.64811688254194,
    -2.8775533309965056
  ],
  "Republic of the Congo": [
    15.21207418503586,
    -0.8564004333096924
  ],
  "Colombia": [
    -73.07794094917405,
    3.9235618261252663
  ],
  "Costa Rica": [
    -84.21742467558424,
    9.986463158070535
  ],
  "Cuba": [
    -78.8954025482625,
    21.62136808001903
  ],
  "Northern Cyprus": [
    33.39079188058263,
    35.225753269439686
  ],
  "Cyprus": [
    33.02409208254226,
    34.91304424540028
  ],
  "Czech Republic": [
    15.330767057694615,
    49.70160772219921
  ],
  "Germany": [
    10.380496796525602,
    51.083853487429664
  ],
  "Djibouti": [
    42.56788631653962,
    11.745988995518626
  ],
  "Denmark": [
    -41.29088868109839,
    74.72535220460091
  ],
  "Dominican Republic": [
    -70.48595892120278,
    18.896879062003393
  ],
  "Algeria": [
    2.6175172555729325,
    28.158202786113698
  ],
  "Ecuador": [
    -78.38384779532852,
    -1.4454571869341688
  ],
  "Egypt": [
    29.86739912685152,
    26.49286512797635
  ],
  "Eritrea": [
    38.835037148217566,
    15.359809600209143
  ],
  "Spain": [
    -3.5708365129134876,
    40.391564705240064
  ],
  "Estonia": [
    25.811350172874032,
    58.69303019372469
  ],
  "Ethiopia": [
    39.60372599651433,
    8.621595995236198
  ],
  "Finland": [
    26.28958351526606,
    64.52279699210293
  ],
  "Fiji": [
    177.98415179869738,
    -17.827004078184217
  ],
  "United Kingdom": [
    -36.367082569942795,
    -54.468348288665524
  ],
  "Gabon": [
    11.774048593462979,
    -0.5859798536474902
  ],
  "Georgia": [
    43.48650319000057,
    42.175027555818694
  ],
  "Ghana": [
    -1.2150159067556041,
    7.94078880601944
  ],
  "Guinea": [
    -10.943568403941383,
    10.44078010915303
  ],
  "Gambia": [
    -16.21304964555284,
    13.37062695465985
  ],
  "Guinea Bissau": [
    -14.929646023453557,
    12.05088889829685
  ],
  "Equatorial Guinea": [
    10.481670786028316,
    1.5660796013647418
  ],
  "Greece": [
    22.53435219348475,
    39.517734832602365
  ],
  "Guatemala": [
    -90.35344030476544,
    15.679044168855697
  ],
  "Guyana": [
    -58.978019347627985,
    4.800329726037504
  ],
  "Honduras": [
    -86.65651796671759,
    14.821029518594349
  ],
  "Croatia": [
    16.458685366615978,
    45.18567759026696
  ],
  "Haiti": [
    -72.67866559866681,
    18.916195586860297
  ],
  "Hungary": [
    19.410867145831855,
    47.168542742918525
  ],
  "Indonesia": [
    101.52237404492608,
    -0.44681277438152994
  ],
  "India": [
    79.58636900833257,
    22.901586798523514
  ],
  "Ireland": [
    -8.117695195030898,
    53.2341315203433
  ],
  "Iran": [
    54.266246557433305,
    32.57616445788996
  ],
  "Iraq": [
    43.74006501790808,
    33.0341456153028
  ],
  "Iceland": [
    -18.509670948264166,
    65.03034972428229
  ],
  "Israel": [
    35.241573878810335,
    31.94758544099519
  ],
  "Italy": [
    12.16233842748749,
    43.51281131035235
  ],
  "Jamaica": [
    -77.32850498837172,
    18.172957893241634
  ],
  "Jordan": [
    36.76131486689134,
    31.237145277490367
  ],
  "Japan": [
    137.97352453982398,
    36.589925009528365
  ],
  "Kashmir": [
    77.08733723957188,
    35.415738932286466
  ],
  "Kazakhstan": [
    67.27815427190085,
    48.155989088140196
  ],
  "Kenya": [
    37.795078751163835,
    0.5967194222965451
  ],
  "Kyrgyzstan": [
    74.58224715420873,
    41.48363475100716
  ],
  "Cambodia": [
    104.90702345739547,
    12.717932969523966
  ],
  "South Korea": [
    127.87280447602005,
    36.475157799464604
  ],
  "Kosovo": [
    20.851519165302378,
    42.51783231278167
  ],
  "Kuwait": [
    47.566177395781736,
    29.316145203902064
  ],
  "Laos": [
    103.75263811609112,
    18.494354885305256
  ],
  "Lebanon": [
    35.88502277707876,
    33.91528991779158
  ],
  "Liberia": [
    -9.325867879201954,
    6.453996218817175
  ],
  "Libya": [
    18.008785486000946,
    27.031457363755713
  ],
  "Sri Lanka": [
    80.70055059693914,
    7.649883097905021
  ],
  "Lesotho": [
    28.24303757633595,
    -29.57351232727891
  ],
  "Lithuania": [
    23.872793668340726,
    55.3142460584835
  ],
  "Luxembourg": [
    6.070340274408408,
    49.76746140228473
  ],
  "Latvia": [
    24.89496154477673,
    56.853143698564296
  ],
  "Morocco": [
    -8.459192831832421,
    29.83932361976915
  ],
  "Moldova": [
    28.446472517363826,
    47.2017924696845
  ],
  "Madagascar": [
    46.70172536870331,
    -19.374776628372288
  ],
  "Mexico": [
    -102.51849775988345,
    23.943713432682014
  ],
  "Macedonia": [
    21.704642152886493,
    41.60373573782414
  ],
  "Mali": [
    -3.5321833143642736,
    17.347810147640345
  ],
  "Myanmar": [
    96.49588816533908,
    21.22201469728619
  ],
  "Montenegro": [
    19.233365413523355,
    42.78395456212118
  ],
  "Mongolia": [
    103.06423533091326,
    46.82560864032323
  ],
  "Mozambique": [
    35.53173663088568,
    -17.27297477254694
  ],
  "Mauritania": [
    -10.34307896458181,
    20.259793585678146
  ],
  "Malawi": [
    34.288911351438394,
    -13.200363393826267
  ],
  "Malaysia": [
    114.69201508943004,
    3.57724156754415
  ],
  "Namibia": [
    17.208945346875193,
    -22.132302890947404
  ],
  "Niger": [
    9.384787308614277,
    17.41758190683491
  ],
  "Nigeria": [
    8.074235448092892,
    9.58958974174772
  ],
  "Nicaragua": [
    -85.03229930746807,
    12.835548864379284
  ],
  "Netherlands": [
    5.646194278986089,
    52.27734132368374
  ],
  "Norway": [
    13.994247649210363,
    64.32249798565987
  ],
  "Nepal": [
    83.9234099472594,
    28.243335814044734
  ],
  "New Zealand": [
    170.54047059084724,
    -43.955381757717255
  ],
  "Oman": [
    56.08271927344639,
    20.573738446088598
  ],